peak_id,0,1
hCKM_gene,1.0921544,0.06679943
